{
  "0": {
    "size": 120,
    "feature_means": {
      "egfr": 28.717816267268578,
      "sc": 3.125,
      "hemo": 11.737083333333333,
      "bgr": 199.05,
      "multimorbidity": 1.875,
      "anemia_severity": 0.6166666666666667,
      "cv_risk": 1.975,
      "age": 62.49166666666667,
      "bp": 80.08333333333333
    },
    "feature_deltas": {
      "egfr": -23.76095558570098,
      "sc": 0.13612499999999939,
      "hemo": -0.8390416666666685,
      "bgr": 53.047500000000014,
      "multimorbidity": 0.74,
      "anemia_severity": -0.0033333333333332993,
      "cv_risk": 0.9300000000000002,
      "age": 10.93416666666667,
      "bp": 3.7583333333333258
    },
    "name": "Moderate Renal Risk",
    "risk_tier": "Medium",
    "risk_score": 0.6245211034873087,
    "gmm_proba_mean": 0.9958965528620072
  },
  "1": {
    "size": 208,
    "feature_means": {
      "egfr": 80.107599772554,
      "sc": 1.0245192307692308,
      "hemo": 14.482692307692307,
      "bgr": 110.64423076923077,
      "multimorbidity": 0.125,
      "anemia_severity": 0.1201923076923077,
      "cv_risk": 0.14423076923076922,
      "age": 43.32211538461539,
      "bp": 71.97115384615384
    },
    "feature_deltas": {
      "egfr": 27.628827919584438,
      "sc": -1.9643557692307698,
      "hemo": 1.9065673076923062,
      "bgr": -35.358269230769224,
      "multimorbidity": -1.01,
      "anemia_severity": -0.4998076923076923,
      "cv_risk": -0.9007692307692308,
      "age": -8.23538461538461,
      "bp": -4.353846153846163
    },
    "name": "Stable / Low-Risk",
    "risk_tier": "Low",
    "risk_score": 0.0,
    "gmm_proba_mean": 0.9897761036835033
  },
  "2": {
    "size": 72,
    "feature_means": {
      "egfr": 12.263750505893917,
      "sc": 8.436805555555555,
      "hemo": 8.466666666666665,
      "bgr": 159.73611111111111,
      "multimorbidity": 2.8194444444444446,
      "anemia_severity": 2.0694444444444446,
      "cv_risk": 2.0972222222222223,
      "age": 57.125,
      "bp": 82.63888888888889
    },
    "feature_deltas": {
      "egfr": -40.21502134707564,
      "sc": 5.447930555555555,
      "hemo": -4.109458333333336,
      "bgr": 13.733611111111117,
      "multimorbidity": 1.6844444444444446,
      "anemia_severity": 1.4494444444444445,
      "cv_risk": 1.0522222222222224,
      "age": 5.567500000000003,
      "bp": 6.313888888888883
    },
    "name": "Severe Renal Impairment",
    "risk_tier": "High",
    "risk_score": 1.0,
    "gmm_proba_mean": 0.9919074493191352
  }
}