{
  "chi2": 221.53846153846152,
  "dof": 2,
  "p_value": 7.825900326266883e-49,
  "purity": 0.855,
  "contingency": {
    "0": {
      "0": 0,
      "1": 150,
      "2": 0
    },
    "1": {
      "0": 120,
      "1": 58,
      "2": 72
    }
  }
}